#Full OTU Counts																																																					
#OTU ID	ago1.27-2-RACINE	ago1.27-3-RACINE	ago1.27-5-RACINE	ago1.27-6-RACINE	ago1.27-B-SOL	ago1.27-C-SOL	ago1.27-D-SOL	ago1.27-E-SOL	dcl1.2-1-RACINE	dcl1.2-3-SOL	dcl1.2-3b-RACINE	dcl1.2-4-SOL	dcl1.2-B-RACINE	dcl1.2-C-RACINE	dcl1.2-D-SOL	dcl1.2-E-SOL	hen1.4-3-RACINE	hen1.4-5b-RACINE	hen1.4-6-RACINE	hen1.4-6b-RACINE	hen1.4-B-SOL	hen1.4-C-SOL	hen1.4-D-SOL	hen1.4-E-SOL	RTL1.1-RACINE	RTL1.2-RACINE	RTL1.3-RACINE	RTL1.7-RACINE	RTL1.B-SOL	RTL1.D-SOL	RTL1.Db-SOL	RTL1.E-SOL	RTL1myc.1-RACINE	RTL1myc.3-RACINE	RTL1myc.4-RACINE	RTL1myc.6-RACINE	RTL1myc.A-SOL	RTL1myc.C-SOL	RTL1myc.D-SOL	RTL1myc.E-SOL	SOL.CTRL-A-SOL	SOL.CTRL-C-SOL	SOL.CTRL-D-SOL	SOL.CTRL-E-SOL	WTdu14.1-RACINE	WTdu14.1-SOL	WTdu14.2-RACINE	WTdu14.3-SOL	WTdu6.5-1-RACINE	WTdu6.5-2-RACINE	WTdu6.5-B-SOL	WTdu6.5-C-SOL	taxonomy
1	6340	0	6179	12173	4445	1568	1422	4769	12296	4267	8922	15639	733	599	995	2889	8615	3618	16602	3026	569	443	1598	3246	21098	11406	11075	7520	911	879	2691	1205	17610	9742	18384	5921	4173	4301	3258	2670	0	0	0	0	4018	0	19531	231	10434	4451	1132	168	"k__Metazoa;p__Arthropoda;c__Insecta;o__Coleoptera;f__Chrysomelidae;g__Phaedon;"
4	0	0	0	0	0	0	0	0	981	0	779	1570	0	0	0	387	2558	1005	4765	877	214	0	0	873	3884	2222	3846	1685	0	318	528	214	2441	1850	3040	1128	699	717	552	382	0	0	0	0	821	0	2509	0	2187	1003	0	0	"k__Metazoa;p__Arthropoda;c__Insecta;o__Coleoptera;f__Chrysomelidae;g__Phaedon;"
6	2575	211	1082	2070	3519	2331	303	819	107	0	21	0	0	0	32	0	0	0	0	0	0	0	0	0	140	87	295	123	0	60	16	60	1959	3248	548	0	37	47	3405	3889	1313	0	353	0	0	0	27	0	3109	1143	1522	438	"k__Bacteria;"
7	53	0	136	253	1802	414	537	849	186	0	160	354	3124	267	446	1869	33	0	133	20	256	59	0	620	66	273	322	0	1142	2419	241	283	128	178	251	640	686	976	2433	709	77	69	560	0	32	296	298	80	41	0	300	145	"k__Viridiplantae;p__Chlorophyta;c__Prasinophyceae;o__Pseudoscourfieldiales;f__Pycnococcaceae;g__Nephroselmis;"
9	0	0	0	0	0	0	0	321	337	62	0	331	5965	1528	1581	3648	0	0	0	0	0	0	0	0	0	0	0	0	0	59	0	0	0	99	0	0	282	0	119	0	0	95	0	0	0	933	187	103	0	0	0	0	"k__Bacteria;p__Proteobacteria;"
10	0	0	0	0	0	0	0	0	0	120	48	93	535	885	848	460	0	0	0	0	0	0	0	98	1257	122	97	30	1077	1096	6906	734	0	0	0	0	0	0	0	0	0	0	0	0	34	88	14	0	0	0	0	0	"k__Bacteria;"
12	0	61	201	539	1615	1722	203	1073	0	0	0	0	0	0	10	0	0	0	0	0	0	0	0	0	285	240	432	333	111	539	340	412	98	96	23	185	539	1616	1500	95	0	0	1099	25	0	0	0	0	0	0	0	0	"k__Bacteria;"
13	255	0	0	293	0	0	242	359	1255	0	275	362	251	318	431	696	0	49	0	0	896	0	0	2102	67	148	41	76	0	235	0	0	182	0	277	32	476	0	0	428	0	0	91	0	0	0	0	0	936	393	1358	267	"k__Bacteria;"
15	116	0	0	24	202	0	0	294	106	148	232	252	225	323	148	480	969	590	341	110	966	344	695	1459	105	471	108	446	255	94	55	279	0	36	118	0	28	0	0	68	47	0	0	0	29	0	0	0	0	0	0	0	"k__Bacteria;"
16	467	0	148	255	11	0	91	550	224	47	35	282	73	0	0	12	848	410	977	378	67	29	0	311	354	226	287	188	78	9	128	126	95	0	129	69	0	0	0	35	0	26	0	0	185	0	132	42	1867	371	78	0	"k__Bacteria;"
18	0	0	0	0	0	0	0	0	100	0	58	0	0	145	202	216	310	0	835	436	2501	289	543	2570	0	0	0	0	0	0	0	0	0	0	0	0	0	0	0	0	0	0	0	0	0	34	0	0	6	9	0	12	"k__Bacteria;"
19	0	0	45	0	963	495	528	1097	19	0	0	0	96	54	0	335	0	0	0	0	0	0	0	0	0	0	0	0	85	130	123	87	0	58	0	0	1423	656	998	439	228	0	28	0	0	0	0	0	0	0	0	0	"k__Bacteria;"
23	79	0	163	220	348	0	0	107	185	92	132	401	70	32	82	166	707	232	347	100	137	0	0	0	95	171	108	113	0	0	81	146	208	164	329	169	0	166	249	180	0	0	0	0	95	0	144	0	300	159	131	0	"k__Bacteria;p__Proteobacteria;"
25	0	0	0	0	0	0	0	0	0	0	0	0	0	0	0	0	0	738	624	0	2264	255	0	2150	0	0	0	0	0	0	0	0	0	0	0	0	0	0	0	0	0	0	0	0	0	0	0	0	0	0	0	0	"k__Bacteria;"
26	65	0	0	125	919	0	123	297	0	0	107	70	98	54	0	191	74	47	55	0	83	59	106	126	0	38	0	0	21	22	0	0	201	73	167	294	135	1269	233	177	156	168	0	0	0	0	68	0	0	0	0	0	"k__Bacteria;"
27	24	0	0	0	118	0	60	0	53	37	0	49	0	0	38	0	520	224	127	0	500	137	201	252	0	0	54	0	0	183	0	0	44	0	13	0	41	46	0	39	93	40	84	0	180	314	147	159	443	451	629	271	"k__Bacteria;"
31	20	0	0	37	587	240	351	721	0	0	0	0	71	0	0	125	0	0	0	0	0	0	0	32	0	0	30	0	0	89	49	0	0	0	30	53	789	417	615	237	135	0	0	0	0	0	0	0	0	0	16	0	"k__Bacteria;"
32	114	0	47	79	77	156	84	724	79	0	0	0	0	0	0	53	159	120	101	0	0	83	0	1531	17	0	53	118	0	33	0	0	129	43	108	0	62	0	0	288	78	0	0	0	0	0	29	48	0	0	0	0	"k__Bacteria;"
33	0	0	0	0	501	223	0	508	0	0	0	0	0	0	70	123	0	0	0	0	0	0	0	0	0	0	0	0	0	0	0	0	25	0	0	0	716	317	457	224	0	0	0	0	0	0	0	0	0	0	0	0	"k__Bacteria;"
34	0	0	19	0	49	0	62	148	0	0	0	98	76	100	0	123	285	159	96	0	328	0	178	442	0	125	36	142	95	0	0	93	0	0	56	0	0	14	0	0	0	87	42	0	0	0	0	0	0	0	0	0	"k__Bacteria;"
37	10	0	31	77	292	0	104	89	0	0	0	0	0	0	0	0	0	0	0	0	0	0	0	15	8	25	28	166	0	0	0	0	69	0	527	0	7	0	11	528	0	0	0	0	203	0	65	46	0	0	0	0	"k__Bacteria;"
39	0	0	0	0	0	0	0	0	523	0	473	865	0	0	0	222	0	0	0	0	0	0	0	0	0	0	0	0	0	0	0	0	0	0	0	0	0	0	0	0	0	0	0	0	0	0	0	0	0	0	0	0	"k__Metazoa;p__Arthropoda;c__Insecta;o__Coleoptera;f__Chrysomelidae;g__Phaedon;"
40	0	0	0	0	0	0	0	0	0	0	0	0	0	0	0	0	0	0	0	0	0	0	0	0	0	0	0	0	0	0	0	0	0	0	0	0	0	0	0	0	0	0	0	0	160	391	293	315	180	117	539	0	"k__Bacteria;"
41	0	0	87	125	10	0	0	0	87	0	94	181	0	0	0	0	0	24	120	0	0	0	0	34	32	169	185	50	0	21	0	0	84	74	85	101	52	42	97	0	0	0	0	0	0	0	219	0	0	0	0	0	"k__Viridiplantae;p__Chlorophyta;c__Chlorophyceae;o__Chlamydomonadales;"
43	77	0	66	127	63	0	0	0	0	0	0	0	0	0	0	0	0	0	0	0	0	0	0	0	225	116	83	0	0	0	0	0	156	101	208	75	0	0	0	0	0	0	0	0	0	0	230	0	104	0	0	0	"k__Metazoa;p__Arthropoda;c__Insecta;o__Coleoptera;f__Chrysomelidae;g__Phaedon;"
44	0	0	0	4	0	0	41	0	0	0	0	0	0	29	0	0	0	0	7	0	0	0	0	0	0	0	0	0	0	0	0	0	65	151	64	56	666	87	272	85	0	0	63	0	0	0	0	0	0	0	0	0	"k__Bacteria;"
46	0	0	0	0	219	87	128	226	0	0	0	12	13	0	0	60	0	0	0	0	0	0	0	0	0	0	0	0	0	0	0	0	0	0	0	0	232	164	213	74	63	0	0	0	0	0	0	0	0	0	0	0	"k__Bacteria;"
47	25	0	0	0	79	22	89	0	50	0	0	63	52	22	0	0	0	0	0	0	0	0	0	0	0	0	54	0	95	132	0	0	32	61	0	128	77	126	101	0	43	0	18	0	0	0	219	0	0	0	0	0	"k__Viridiplantae;p__Chlorophyta;c__Chlorophyceae;o__Chlamydomonadales;f__Spondylomoraceae;g__Pyrobotrys;"
50	76	0	0	171	32	47	80	889	0	0	0	0	0	0	0	0	0	0	0	0	0	0	0	0	0	0	0	0	0	0	0	0	24	0	0	0	0	0	0	0	0	0	0	0	0	0	0	0	0	0	0	0	"k__Bacteria;"
51	91	0	0	0	92	17	19	22	0	0	0	0	0	0	0	0	0	0	0	0	0	0	0	0	0	0	0	0	0	0	0	0	272	41	62	114	108	187	91	76	0	0	0	0	0	15	63	0	0	25	14	0	"k__Bacteria;"
52	75	0	0	0	0	0	0	89	168	0	70	234	0	23	0	0	0	0	0	0	0	0	0	0	70	150	83	114	50	0	0	0	43	0	0	0	0	0	0	0	0	0	0	0	0	0	127	0	0	0	0	0	"k__Bacteria;p__Proteobacteria;"
54	66	0	18	31	0	0	0	0	0	0	0	0	155	65	79	69	0	0	0	0	132	92	0	0	0	0	0	0	120	130	66	75	0	0	0	56	0	0	0	0	0	0	0	0	0	0	0	0	0	0	48	82	"k__Bacteria;"
56	57	0	91	122	38	0	0	26	0	0	0	0	0	0	0	0	79	16	183	18	0	0	0	30	129	37	0	24	0	0	0	0	95	42	88	0	26	18	0	0	0	0	0	0	0	0	112	0	36	0	0	0	"k__Metazoa;p__Arthropoda;c__Insecta;o__Coleoptera;f__Chrysomelidae;g__Phaedon;"
57	0	0	0	0	0	0	0	0	0	0	0	0	0	0	0	0	0	0	0	0	0	0	0	0	0	0	0	0	0	0	0	0	0	0	57	36	14	608	321	197	0	0	0	0	0	0	33	0	0	0	0	0	"k__Bacteria;"
59	0	0	24	0	0	0	299	0	27	0	25	40	0	7	0	25	0	27	0	122	0	7	0	537	0	0	30	62	0	0	0	0	0	0	18	0	0	0	0	10	0	0	0	0	0	0	0	0	0	0	0	0	"k__Bacteria;"
65	0	0	0	0	0	0	0	0	51	0	39	40	42	0	0	101	0	0	0	0	0	0	0	0	109	0	92	0	0	17	0	0	42	10	9	0	33	0	0	0	0	0	0	0	126	0	324	0	0	0	0	0	"k__Bacteria;"
67	81	0	0	55	0	0	0	0	0	0	0	0	95	0	30	98	0	0	4	0	96	70	0	0	0	0	0	0	82	84	81	91	0	3	0	82	0	0	0	0	0	0	0	0	0	0	0	0	0	0	26	0	"k__Bacteria;"
68	17	29	0	49	0	0	0	0	26	0	15	39	0	0	0	0	0	0	0	0	65	0	0	0	0	0	0	0	0	0	0	0	53	58	0	149	0	42	0	0	0	0	0	0	0	0	389	0	47	0	0	0	"k__Viridiplantae;p__Chlorophyta;c__Prasinophyceae;o__Pseudoscourfieldiales;f__Pycnococcaceae;g__Nephroselmis;"
74	0	0	0	0	117	0	0	0	0	0	49	26	55	0	0	0	0	0	0	0	29	0	0	0	0	71	74	0	50	281	0	0	0	0	0	0	0	0	24	0	0	0	0	0	0	0	11	0	0	0	0	0	"k__Viridiplantae;p__Chlorophyta;c__Chlorophyceae;"
77	0	0	0	0	0	0	0	0	664	0	0	0	0	0	26	0	0	0	0	0	0	0	0	0	0	0	0	0	0	0	0	0	0	0	46	0	0	0	0	0	0	0	0	0	0	0	0	0	0	0	0	0	"k__Bacteria;"
78	0	0	0	0	74	41	30	25	0	0	0	0	0	0	0	0	0	0	0	0	0	0	75	139	0	0	0	0	0	0	0	0	0	0	0	0	134	66	48	63	30	0	0	0	0	0	0	0	0	0	0	0	"k__Bacteria;"
81	8	0	0	0	0	0	0	0	0	17	59	152	0	0	0	0	0	0	0	0	0	0	0	0	0	0	0	0	0	0	0	0	108	142	157	44	0	0	0	0	0	0	0	0	0	0	0	0	0	0	0	0	"k__Bacteria;"
82	0	0	0	0	0	0	0	0	0	0	0	0	0	0	0	84	0	0	0	0	0	0	0	80	0	0	0	0	0	0	0	0	0	0	0	0	0	169	305	0	0	0	0	0	0	0	0	0	0	0	0	0	"k__Viridiplantae;p__Chlorophyta;c__Prasinophyceae;o__Pseudoscourfieldiales;f__Pycnococcaceae;g__Nephroselmis;"
83	0	0	0	0	0	0	0	0	0	0	0	0	0	0	0	0	0	0	257	0	0	0	0	0	0	0	0	0	0	0	0	0	0	0	0	0	0	0	0	0	0	0	0	0	0	0	0	0	101	276	0	0	"k__Bacteria;"
87	0	0	0	0	49	0	0	0	0	0	0	0	252	0	0	40	0	0	0	0	0	0	0	0	16	0	24	0	74	84	0	0	13	0	0	0	27	0	13	0	0	0	0	0	0	0	0	0	0	0	0	0	"k__Viridiplantae;p__Chlorophyta;c__Prasinophyceae;o__Pseudoscourfieldiales;f__Pycnococcaceae;g__Nephroselmis;"
88	0	0	53	0	30	76	102	0	0	0	0	0	0	0	0	0	0	0	0	0	0	0	0	0	0	0	0	0	0	0	0	0	0	15	0	18	29	0	66	0	0	0	187	0	0	0	0	0	0	0	0	0	"k__Bacteria;"
89	0	0	0	0	159	0	87	0	74	0	0	71	0	0	0	0	0	0	0	0	0	0	0	0	0	0	0	0	0	0	0	0	34	0	0	0	0	0	63	0	0	0	0	0	0	0	75	0	0	0	0	0	"k__Viridiplantae;p__Chlorophyta;c__Chlorophyceae;o__Chlamydomonadales;f__Chlorococcaceae;g__Chlorococcum;"
90	58	0	0	0	0	0	0	0	0	0	0	0	0	0	0	0	0	0	0	0	0	0	0	0	0	94	0	0	0	0	0	28	0	0	331	11	0	0	0	31	0	0	0	0	0	0	0	0	0	0	0	0	"k__Bacteria;"
91	44	0	0	35	17	0	0	32	0	0	0	0	0	0	0	0	0	0	0	0	0	0	0	0	0	0	0	0	0	0	10	0	0	23	68	23	30	28	7	36	0	28	0	0	54	0	102	0	0	0	0	0	"k__Bacteria;"
92	0	0	0	45	0	0	0	0	0	0	0	27	0	0	0	0	0	0	0	0	0	0	0	0	0	0	0	0	0	0	0	0	0	0	0	74	0	50	14	0	0	0	0	0	0	0	296	25	0	0	0	0	"k__Viridiplantae;p__Chlorophyta;c__Prasinophyceae;o__Pseudoscourfieldiales;f__Pycnococcaceae;g__Nephroselmis;"
94	0	0	0	0	33	27	35	37	0	0	0	0	0	0	0	0	0	0	0	0	0	0	45	96	0	0	0	0	0	0	0	0	0	0	0	0	106	50	31	25	0	4	12	0	0	0	0	0	0	0	0	0	"k__Bacteria;p__Proteobacteria;c__Alphaproteobacteria;o__Rickettsiales;f__mitochondria;"
95	0	0	0	98	0	367	0	0	0	0	0	35	0	0	0	0	0	0	0	0	0	0	0	0	0	0	0	0	0	0	0	0	0	0	0	0	0	0	0	0	0	0	0	0	0	0	0	0	0	0	0	0	"k__Viridiplantae;p__Chlorophyta;c__Chlorophyceae;o__Chlamydomonadales;f__Chlorococcaceae;g__Chlorococcum;"
100	104	0	49	43	0	0	0	0	48	0	0	0	0	0	0	0	0	0	0	0	0	0	0	0	0	0	23	37	0	0	0	0	0	88	0	0	0	0	0	0	0	0	0	0	0	0	0	0	0	60	0	0	"k__Bacteria;"
105	0	0	0	75	0	0	0	0	0	0	0	38	0	0	0	0	17	0	17	0	0	0	0	22	0	96	33	0	0	0	0	0	0	0	23	0	0	0	0	0	0	0	0	0	0	0	106	0	0	0	0	0	"k__Viridiplantae;p__Chlorophyta;c__Prasinophyceae;o__Pseudoscourfieldiales;f__Pycnococcaceae;g__Nephroselmis;"
107	0	0	0	0	0	0	0	0	0	0	0	0	0	0	0	0	0	0	0	0	0	0	0	0	0	0	95	0	0	0	43	196	0	0	0	0	0	0	0	0	0	0	0	0	0	57	30	0	0	0	0	0	"k__Bacteria;"
109	2	0	0	0	0	116	34	6	0	0	0	0	0	0	0	0	0	0	0	0	0	0	0	0	0	0	0	0	0	0	0	0	0	0	0	0	0	14	24	0	0	0	0	0	15	22	16	0	23	0	58	77	"k__Bacteria;"
110	0	0	0	0	0	0	0	0	0	0	0	0	0	0	0	0	0	0	41	0	0	0	0	0	0	0	0	0	0	0	0	0	0	0	0	0	0	0	0	0	0	0	0	0	53	157	128	28	0	0	0	0	"k__Bacteria;"
111	0	0	0	42	0	0	0	0	0	0	0	0	0	0	0	0	116	0	84	0	0	0	0	0	0	0	0	0	0	0	0	0	29	0	0	0	0	0	0	0	0	0	115	0	0	0	18	0	0	0	0	0	"k__Bacteria;"
113	0	0	0	0	61	0	0	0	0	0	0	0	0	0	0	0	0	0	0	0	0	0	0	0	0	0	0	0	0	168	0	0	0	0	0	0	51	76	0	0	0	0	0	0	0	0	0	0	0	0	0	0	"k__Viridiplantae;p__Chlorophyta;c__Prasinophyceae;o__Pseudoscourfieldiales;f__Pycnococcaceae;g__Nephroselmis;"
114	0	0	0	0	0	0	0	0	0	0	0	0	0	0	0	0	0	0	0	0	255	40	0	57	0	0	0	0	0	0	0	0	0	0	0	0	0	0	0	0	0	0	0	0	0	0	0	0	0	0	0	0	"k__Bacteria;"
116	0	0	0	0	24	0	0	0	11	0	24	0	6	0	0	46	0	0	0	0	0	0	0	0	0	28	0	0	0	0	0	0	0	41	18	22	18	61	39	11	0	0	0	0	0	0	0	0	0	0	0	0	"k__Bacteria;"
120	0	0	0	3	11	0	0	22	9	0	0	0	0	52	0	0	0	0	0	0	0	0	0	0	0	14	18	0	26	32	15	7	0	0	30	0	16	0	0	56	0	0	0	0	0	0	0	0	0	19	0	0	"k__Bacteria;"
121	0	0	0	0	0	0	0	330	0	0	0	0	0	0	0	0	0	0	0	0	0	0	0	0	0	0	0	0	0	0	0	0	0	0	0	0	0	0	0	0	0	0	0	0	0	0	0	0	0	0	0	0	"k__Bacteria;"
122	0	0	0	0	68	0	0	75	0	0	0	0	0	0	0	0	0	0	0	0	0	0	0	0	0	0	0	0	0	0	0	0	0	0	0	0	106	0	79	0	0	0	0	0	0	0	0	0	0	0	0	0	"k__Bacteria;"
123	0	0	0	0	0	0	0	0	0	0	0	0	0	0	0	0	0	0	0	0	0	0	0	0	0	0	0	0	0	42	0	0	0	0	0	6	153	0	76	0	47	0	0	0	0	0	0	0	0	0	0	0	"k__Bacteria;p__Proteobacteria;"
128	0	0	0	0	0	0	0	0	0	0	0	0	0	0	0	0	0	0	0	0	0	0	0	0	0	0	0	0	0	0	0	0	0	200	0	0	0	0	94	0	0	0	0	0	0	0	0	0	0	0	0	0	"k__Bacteria;"
130	0	0	0	0	0	0	0	0	0	0	0	0	0	0	0	0	0	0	0	0	0	0	0	0	0	0	0	0	0	0	0	0	48	180	13	0	32	0	0	0	0	0	0	0	0	0	9	0	0	0	0	0	"k__Bacteria;"
131	0	0	0	0	0	0	0	0	0	0	0	0	0	0	0	0	0	0	0	0	0	0	0	0	0	0	0	0	0	0	0	0	69	0	137	0	74	0	0	0	0	0	0	0	0	0	0	0	0	0	0	0	"k__Bacteria;"
133	0	0	0	0	0	0	0	0	0	0	0	0	0	0	0	0	0	0	0	0	0	0	0	0	0	0	0	0	0	0	0	0	0	13	4	0	99	36	84	38	0	0	0	0	0	0	0	0	0	0	0	0	"k__Bacteria;"
134	0	0	0	0	0	0	0	0	0	0	0	0	0	0	34	0	0	0	0	0	0	0	0	0	0	0	0	0	0	0	128	31	0	0	0	0	0	0	0	0	0	0	0	0	0	43	0	26	0	0	0	0	"k__Bacteria;"
135	0	0	0	0	0	0	27	0	0	0	0	0	33	58	0	25	0	0	0	0	0	0	0	14	0	0	0	0	0	0	0	0	0	0	3	0	0	9	28	0	17	25	22	0	0	0	0	0	0	0	0	0	"k__Bacteria;"
137	0	0	0	0	0	0	0	0	0	0	0	0	0	0	0	0	0	0	0	0	0	0	0	0	0	0	0	0	0	0	0	0	24	0	26	0	36	0	53	30	40	43	0	0	0	0	0	0	0	0	0	0	"k__Bacteria;"
138	0	0	0	0	0	0	0	0	0	0	0	0	0	0	0	0	0	0	0	0	0	0	0	0	0	0	0	0	0	0	0	0	0	0	0	0	0	0	252	0	0	0	0	0	0	0	0	0	0	0	0	0	"k__Bacteria;"
139	0	0	0	0	40	0	0	21	9	0	9	21	30	0	38	56	0	0	0	0	0	0	0	23	0	0	0	0	0	0	0	0	0	0	0	0	0	0	0	0	0	0	0	0	0	0	0	0	0	0	0	0	"k__Bacteria;"
143	0	0	0	0	0	0	0	0	57	0	0	0	0	0	0	0	0	0	0	0	0	0	0	0	0	0	0	0	0	0	0	0	0	0	0	0	0	0	166	0	0	0	0	0	0	0	0	0	0	0	0	0	"k__Viridiplantae;p__Chlorophyta;c__Prasinophyceae;o__Pseudoscourfieldiales;f__Pycnococcaceae;g__Nephroselmis;"
144	0	0	0	0	0	0	0	0	0	0	0	0	0	0	0	26	0	0	0	0	77	0	0	6	0	0	0	0	0	0	0	0	0	0	0	0	41	24	49	0	0	0	0	0	0	0	0	0	0	0	0	0	"k__Bacteria;"
146	0	0	0	0	0	0	0	0	0	0	0	0	0	0	0	0	0	0	0	0	66	0	0	0	0	0	0	0	0	0	0	0	0	19	0	0	41	0	59	0	0	0	0	0	0	0	21	0	0	0	15	0	"k__Bacteria;"
148	0	0	0	0	0	0	0	0	0	0	0	58	0	0	0	0	0	0	0	0	0	0	0	0	96	48	0	0	0	0	0	0	0	0	0	0	0	0	0	0	0	0	0	0	0	0	16	0	0	0	0	0	"k__Bacteria;"
149	19	0	14	24	0	0	0	0	0	0	0	0	0	0	0	0	14	0	15	10	0	0	0	0	9	9	11	0	0	0	0	0	13	0	14	18	0	0	0	0	0	0	0	0	0	0	14	0	11	12	0	0	"k__Bacteria;p__Proteobacteria;"
150	0	0	0	0	0	0	0	0	73	0	0	0	0	0	9	0	0	0	0	0	0	0	0	0	0	0	39	41	0	0	0	0	0	0	0	0	0	0	0	0	0	0	0	0	0	0	45	0	0	0	0	0	"k__Bacteria;"
151	0	0	0	0	0	0	0	0	0	0	0	0	0	0	0	0	19	0	0	0	25	48	27	86	0	0	0	0	0	0	0	0	0	0	0	0	0	0	0	0	0	0	0	0	0	0	0	0	0	0	0	0	"k__Bacteria;"
152	0	0	0	0	10	0	0	0	0	0	0	0	0	0	0	0	0	0	0	0	0	0	7	14	0	0	0	0	0	0	0	0	0	0	0	0	68	11	26	25	29	8	5	0	0	0	0	0	0	0	0	0	"k__Bacteria;"
154	0	0	0	0	24	0	0	0	0	0	0	0	30	0	0	0	0	0	0	0	0	0	0	0	0	0	0	0	0	17	0	0	0	0	6	0	76	0	13	24	0	0	0	0	0	0	0	0	0	0	0	0	"k__Viridiplantae;p__Chlorophyta;c__Chlorophyceae;o__Chlamydomonadales;"
156	0	0	0	38	16	0	0	0	0	0	0	0	0	0	0	0	0	0	15	0	67	0	0	0	0	0	0	0	10	0	0	0	0	0	11	0	0	0	0	0	0	0	0	0	0	0	0	0	0	0	28	0	"k__Viridiplantae;p__Chlorophyta;c__Chlorophyceae;o__Chlamydomonadales;f__Spondylomoraceae;g__Pyrobotrys;"
158	0	0	0	0	0	0	0	0	0	0	0	69	0	0	15	0	0	0	13	0	0	0	0	0	0	13	16	0	0	16	0	0	0	0	13	0	0	0	0	0	0	0	0	0	0	0	18	0	0	0	11	0	"k__Viridiplantae;p__Chlorophyta;c__Ulvophyceae;o__Ulvales;f__Monostromataceae;g__Ulvaria;"
159	0	0	0	0	55	0	0	0	0	0	0	0	0	0	0	0	0	0	0	0	0	0	0	0	0	0	0	0	0	0	0	0	0	0	0	0	0	0	0	0	37	0	89	0	0	0	0	0	0	0	0	0	"k__Bacteria;"
160	0	0	0	0	0	0	0	0	0	0	0	0	0	0	15	0	0	0	0	0	0	0	0	0	0	0	0	0	0	0	0	0	0	0	0	0	0	0	0	0	0	0	0	0	0	90	31	41	0	0	0	0	"k__Bacteria;"
162	0	0	0	0	13	17	0	0	0	0	0	0	0	0	0	0	0	0	0	0	0	0	28	20	0	0	0	0	0	0	0	0	0	0	0	0	22	20	12	0	24	15	0	0	0	0	0	0	0	0	0	0	"k__Bacteria;"
163	0	0	0	0	0	0	0	80	0	0	0	0	0	0	0	12	0	0	0	0	0	0	0	0	0	0	0	0	0	0	0	0	31	0	0	0	0	0	0	0	0	0	0	0	0	0	41	0	0	0	0	0	"k__Bacteria;"
164	0	0	0	0	0	0	0	0	0	0	0	0	9	13	0	21	0	0	0	0	9	0	0	0	0	0	0	0	17	0	75	20	0	0	0	0	0	0	0	0	0	0	0	0	0	0	0	0	0	0	0	0	"k__Bacteria;p__Proteobacteria;c__Alphaproteobacteria;o__Rickettsiales;f__mitochondria;"
168	0	0	0	0	0	0	0	0	67	0	0	0	0	0	0	0	0	0	0	0	0	0	0	0	0	0	0	0	0	0	0	0	23	0	0	0	5	0	64	0	0	0	0	0	0	0	0	0	0	0	0	0	"k__Viridiplantae;p__Chlorophyta;c__Prasinophyceae;o__Pseudoscourfieldiales;f__Pycnococcaceae;g__Nephroselmis;"
178	0	0	0	57	0	0	0	0	31	10	11	0	0	0	0	0	0	0	0	0	0	0	0	0	0	22	0	0	0	0	0	0	0	0	0	0	0	0	0	0	0	0	0	0	0	0	0	0	0	0	0	0	"k__Bacteria;"
179	0	0	0	0	0	0	0	0	0	0	0	0	0	0	0	31	0	0	0	0	0	0	0	0	0	0	0	0	0	0	0	0	0	0	0	0	0	0	100	0	0	0	0	0	0	0	0	0	0	0	0	0	"k__Viridiplantae;p__Chlorophyta;c__Prasinophyceae;o__Pseudoscourfieldiales;f__Pycnococcaceae;g__Nephroselmis;"
182	0	0	0	0	0	0	0	0	42	0	0	42	0	0	0	0	0	0	0	0	0	0	0	0	0	0	0	0	0	0	0	0	0	0	0	0	0	0	0	0	0	0	0	0	0	0	43	0	0	0	0	0	"k__Bacteria;"
183	0	0	0	0	33	0	0	0	0	0	0	0	0	0	0	0	0	0	0	0	0	0	0	0	0	0	0	0	0	64	0	0	0	0	0	0	27	0	0	0	0	0	0	0	0	0	0	0	0	0	0	0	"k__Viridiplantae;p__Chlorophyta;c__Prasinophyceae;o__Pseudoscourfieldiales;f__Pycnococcaceae;g__Nephroselmis;"
184	0	0	0	0	0	0	0	0	78	0	0	14	0	0	0	0	0	0	0	0	0	0	0	0	0	0	32	0	0	0	0	0	0	0	0	0	0	0	0	0	0	0	0	0	0	0	0	0	0	0	0	0	"k__Bacteria;"
187	0	0	0	0	0	0	0	0	0	0	0	0	0	0	0	0	0	0	0	0	0	0	0	0	0	0	0	0	0	0	0	0	0	0	43	0	0	0	77	0	0	0	0	0	0	0	0	0	0	0	0	0	"k__Bacteria;"
188	0	0	10	92	0	0	0	0	0	0	0	0	0	0	0	0	0	0	0	0	0	0	0	0	0	0	0	0	0	0	0	0	0	0	0	0	0	0	0	0	0	0	0	0	0	0	0	16	0	0	0	0	"k__Bacteria;"
195	0	0	0	0	0	0	0	0	0	0	0	0	0	0	0	0	0	0	0	0	0	0	0	0	0	0	0	0	0	0	0	0	0	0	0	0	0	0	0	0	0	0	0	0	0	0	113	0	0	0	0	0	"k__Viridiplantae;p__Chlorophyta;c__Chlorophyceae;"
197	0	0	0	0	0	0	0	0	0	0	0	0	0	0	0	12	0	0	0	0	0	11	0	0	0	0	0	0	11	9	48	0	0	0	0	0	0	4	0	0	0	0	0	0	0	0	0	0	0	0	13	0	"k__Bacteria;"
198	0	0	0	0	19	0	0	0	0	0	0	0	0	0	0	0	0	0	0	0	0	0	0	20	0	0	0	0	0	0	0	0	0	0	0	0	0	24	22	0	21	0	0	0	0	0	0	0	0	0	0	0	"k__Bacteria;"
201	0	0	0	0	0	0	0	0	0	0	0	0	0	0	0	0	0	0	0	0	0	0	0	0	0	0	0	0	0	0	0	0	0	0	0	0	0	0	103	0	0	0	0	0	0	0	0	0	0	0	0	0	"k__Bacteria;p__Proteobacteria;c__Alphaproteobacteria;o__Rickettsiales;f__mitochondria;"
202	0	0	0	0	0	0	0	0	0	0	0	0	0	0	0	0	0	0	37	0	0	0	0	0	0	0	0	0	0	0	0	0	0	0	0	0	0	0	0	0	0	0	0	0	0	0	65	0	0	0	0	0	"k__Bacteria;"
203	0	0	0	0	0	0	0	0	0	0	0	0	0	0	0	0	0	0	0	0	0	0	0	0	0	8	0	0	93	0	0	0	0	0	0	0	0	0	0	0	0	0	0	0	0	0	0	0	0	0	0	0	"k__Viridiplantae;p__Chlorophyta;c__Prasinophyceae;o__Pseudoscourfieldiales;f__Pycnococcaceae;g__Nephroselmis;"
205	0	0	0	0	0	0	0	0	0	0	0	83	0	0	0	0	0	0	0	0	0	0	0	0	17	0	0	0	0	0	0	0	0	0	0	0	0	0	0	0	0	0	0	0	0	0	0	0	0	0	0	0	"k__Bacteria;"
206	0	0	0	0	0	0	0	0	0	0	0	0	0	0	0	0	22	0	15	10	25	19	0	9	0	0	0	0	0	0	0	0	0	0	0	0	0	0	0	0	0	0	0	0	0	0	0	0	0	0	0	0	"k__Bacteria;p__Proteobacteria;c__Alphaproteobacteria;o__Rickettsiales;f__mitochondria;"
207	0	0	0	0	0	0	0	0	0	0	0	0	0	0	0	0	0	0	0	0	0	0	0	0	0	0	0	0	0	0	0	0	0	0	0	0	0	0	0	0	0	0	0	0	0	0	100	0	0	0	0	0	"k__Viridiplantae;p__Chlorophyta;c__Chlorophyceae;o__Chlamydomonadales;f__Chlamydomonadaceae;g__Lobochlamys;"
209	0	0	0	0	0	0	0	0	0	0	0	44	0	0	0	0	0	0	0	0	0	0	0	51	0	0	0	0	0	0	0	0	0	0	0	0	0	0	0	0	0	0	0	0	0	0	0	0	0	0	0	0	"k__Bacteria;"
211	20	0	0	0	0	0	0	0	0	0	0	0	0	0	0	18	0	0	0	0	12	0	0	0	0	0	0	0	18	0	0	0	0	0	0	25	0	0	0	0	0	0	0	0	0	0	0	0	0	0	0	0	"k__Bacteria;"
212	0	0	0	92	0	0	0	0	0	0	0	0	0	0	0	0	0	0	0	0	0	0	0	0	0	0	0	0	0	0	0	0	0	0	0	0	0	0	0	0	0	0	0	0	0	0	0	0	0	0	0	0	"k__Viridiplantae;p__Chlorophyta;c__Chlorophyceae;o__Chlamydomonadales;f__Spondylomoraceae;g__Pyrobotrys;"
213	0	0	0	0	0	0	0	0	0	0	0	0	0	0	0	0	0	0	91	0	0	0	0	0	0	0	0	0	0	0	0	0	0	0	0	0	0	0	0	0	0	0	0	0	0	0	0	0	0	0	0	0	"k__Metazoa;p__Arthropoda;c__Insecta;o__Coleoptera;f__Chrysomelidae;g__Phaedon;"
215	0	0	21	0	0	0	0	0	0	0	0	0	0	0	0	0	0	0	0	0	0	0	0	0	10	4	0	0	0	0	0	0	0	0	0	0	0	0	0	0	0	0	0	0	0	0	54	0	0	0	0	0	"k__Bacteria;"
221	0	0	0	0	0	0	0	0	0	0	0	0	0	0	0	0	0	0	0	0	0	0	0	0	0	0	0	0	0	0	0	0	25	0	0	0	0	0	0	0	28	30	0	0	0	0	0	0	0	0	0	0	"k__Bacteria;"
222	0	0	0	0	10	27	6	4	0	0	0	0	0	0	0	0	0	0	0	0	0	0	0	0	0	0	0	0	0	0	0	0	0	0	0	0	21	0	12	0	0	0	2	0	0	0	0	0	0	0	0	0	"k__Bacteria;"
226	0	0	0	0	0	0	0	0	4	7	12	0	0	0	0	0	7	7	8	5	0	0	0	0	3	4	7	4	0	0	0	0	3	0	4	0	0	0	0	0	0	0	0	0	0	0	0	0	0	5	0	0	"k__Bacteria;"
229	0	0	0	0	18	0	0	8	0	0	0	0	0	0	0	0	0	0	0	0	0	0	0	12	0	0	0	0	0	0	0	0	0	0	0	0	18	0	20	0	0	0	0	0	0	0	0	0	0	0	0	0	"k__Bacteria;"
233	0	0	0	0	34	0	0	0	0	0	0	0	0	0	0	0	0	0	0	0	0	0	0	0	0	0	0	0	0	0	0	0	0	0	0	0	0	0	39	0	0	0	0	0	0	0	0	0	0	0	0	0	"k__Bacteria;"
235	0	0	0	0	0	0	0	0	0	0	0	0	0	0	0	0	0	0	0	0	0	0	0	0	0	0	0	0	0	0	0	0	0	0	0	0	0	0	0	0	0	0	0	0	0	0	0	0	0	0	73	0	"k__Bacteria;"
237	0	0	0	0	0	0	0	0	0	0	40	31	0	0	0	0	0	0	0	0	0	0	0	0	0	0	0	0	0	0	0	0	0	0	0	0	0	0	0	0	0	0	0	0	0	0	0	0	0	0	0	0	"k__Bacteria;"
240	0	0	0	0	19	0	0	0	0	0	0	0	0	0	0	0	0	0	0	0	0	0	0	0	4	0	0	0	0	0	46	0	0	0	0	0	0	0	0	0	0	0	0	0	0	0	0	0	0	0	0	0	"k__Viridiplantae;"
243	0	0	0	0	0	0	0	0	0	0	0	0	0	0	0	0	0	0	0	0	0	0	0	0	0	12	0	0	18	0	0	0	0	0	0	0	0	0	0	0	0	0	0	0	0	0	37	0	0	0	0	0	"k__Viridiplantae;p__Chlorophyta;c__Prasinophyceae;o__Pseudoscourfieldiales;f__Pycnococcaceae;g__Nephroselmis;"
249	0	0	0	0	0	0	0	0	0	0	0	0	11	0	0	26	0	0	0	0	0	0	0	0	0	0	0	0	0	19	0	0	0	6	0	0	0	0	0	0	0	0	0	0	0	0	0	0	0	0	0	0	"k__Viridiplantae;p__Streptophyta;c__Klebsormidiophyceae;o__Klebsormidiales;f__Elakatotrichaceae;g__Raphidonema;"
250	0	0	0	0	0	0	0	0	0	0	0	0	0	0	0	0	0	0	0	0	0	0	0	0	0	0	0	0	0	0	0	0	0	0	0	0	0	0	0	0	0	0	0	0	0	0	0	0	0	0	62	0	"k__Viridiplantae;p__Chlorophyta;c__Chlorophyceae;o__Chlamydomonadales;f__Chlorococcaceae;g__Chlorococcum;"
253	0	0	0	0	0	0	0	0	4	0	5	0	0	0	0	0	0	6	9	5	0	0	0	0	8	0	0	0	0	0	0	0	3	6	9	0	0	0	0	0	0	0	0	0	0	0	4	0	0	0	0	0	"k__Bacteria;"
256	0	0	0	0	39	0	0	0	0	0	0	0	0	0	0	0	0	0	0	0	0	0	0	0	0	0	0	0	0	0	0	0	0	0	9	0	0	0	0	8	0	0	0	0	0	0	0	0	0	0	0	0	"k__Bacteria;"
257	0	0	0	0	0	0	0	0	19	0	0	0	0	0	37	0	0	0	0	0	0	0	0	0	0	0	0	0	0	0	0	0	0	0	0	0	0	0	0	0	0	0	0	0	0	0	0	0	0	0	0	0	"k__Viridiplantae;p__Chlorophyta;"
260	0	0	0	51	0	0	0	0	0	0	0	0	0	0	0	4	0	0	0	0	0	0	0	0	0	0	0	0	0	0	0	0	0	0	0	0	0	0	0	0	0	0	0	0	0	0	0	0	0	0	0	0	"k__Bacteria;"
262	0	0	0	0	0	10	0	0	0	0	5	13	6	6	0	0	0	0	0	0	0	0	0	0	0	0	0	0	0	0	0	0	0	0	0	0	0	0	0	0	0	0	0	0	0	0	5	6	0	0	3	0	"k__Bacteria;"
263	0	0	0	0	0	0	0	0	0	0	0	0	0	0	0	0	0	0	54	0	0	0	0	0	0	0	0	0	0	0	0	0	0	0	0	0	0	0	0	0	0	0	0	0	0	0	0	0	0	0	0	0	"k__Viridiplantae;p__Chlorophyta;c__Chlorophyceae;o__Chlamydomonadales;f__Chlorococcaceae;g__Chlorococcum;"
264	0	0	0	0	0	0	0	0	0	0	0	0	0	0	0	0	0	0	0	0	0	0	0	0	0	0	0	0	0	0	0	0	0	0	0	0	54	0	0	0	0	0	0	0	0	0	0	0	0	0	0	0	"k__Viridiplantae;p__Chlorophyta;c__Chlorophyceae;o__Chlamydomonadales;"
266	0	0	0	0	0	0	0	0	0	0	0	0	0	0	0	0	0	0	0	0	0	0	0	0	0	0	0	0	0	0	0	0	0	0	17	0	0	0	0	36	0	0	0	0	0	0	0	0	0	0	0	0	"k__Viridiplantae;p__Chlorophyta;c__Chlorophyceae;o__Chlamydomonadales;"
268	0	0	0	0	0	0	0	0	0	0	0	0	0	0	0	0	0	0	0	0	0	0	0	0	0	0	0	0	0	0	0	0	0	0	0	0	0	0	0	0	0	0	0	0	0	0	53	0	0	0	0	0	"k__Viridiplantae;p__Chlorophyta;c__Chlorophyceae;o__Chlamydomonadales;f__Chlamydomonadaceae;g__Lobochlamys;"
270	0	0	0	0	0	0	0	0	0	0	0	0	0	0	0	0	0	0	0	0	0	0	0	0	0	0	0	0	0	0	0	0	0	52	0	0	0	0	0	0	0	0	0	0	0	0	0	0	0	0	0	0	"k__Bacteria;"
272	0	0	0	0	0	0	0	0	0	0	0	0	10	0	0	0	0	0	0	0	0	0	0	0	0	0	0	0	0	0	0	0	0	0	0	0	0	0	0	41	0	0	0	0	0	0	0	0	0	0	0	0	"k__Bacteria;"
273	0	0	0	0	0	0	0	0	0	0	0	0	0	0	0	0	0	0	51	0	0	0	0	0	0	0	0	0	0	0	0	0	0	0	0	0	0	0	0	0	0	0	0	0	0	0	0	0	0	0	0	0	"k__Metazoa;p__Arthropoda;c__Insecta;o__Coleoptera;f__Chrysomelidae;g__Phaedon;"
276	0	0	0	0	0	0	0	0	0	0	0	0	0	0	0	0	0	0	0	0	0	0	0	0	0	0	7	0	0	24	0	0	19	0	0	0	0	0	0	0	0	0	0	0	0	0	0	0	0	0	0	0	"k__Bacteria;"
277	0	0	0	0	0	0	0	49	0	0	0	0	0	0	0	0	0	0	0	0	0	0	0	0	0	0	0	0	0	0	0	0	0	0	0	0	0	0	0	0	0	0	0	0	0	0	0	0	0	0	0	0	"k__Viridiplantae;p__Chlorophyta;c__Chlorophyceae;o__Chlamydomonadales;f__Chlorococcaceae;g__Chlorococcum;"
279	0	0	0	0	0	0	0	0	0	0	0	0	0	0	0	0	0	0	0	0	0	0	0	0	0	0	0	0	0	0	0	0	0	0	0	0	0	0	0	0	0	0	0	0	0	0	49	0	0	0	0	0	"k__Viridiplantae;p__Chlorophyta;c__Prasinophyceae;o__Pseudoscourfieldiales;f__Pycnococcaceae;g__Nephroselmis;"
281	0	0	0	0	0	0	0	0	0	0	0	0	0	0	0	0	0	0	0	0	0	0	0	0	0	0	0	0	0	0	0	0	0	0	0	0	0	0	0	0	0	0	0	0	48	0	0	0	0	0	0	0	"k__Bacteria;"
283	0	0	0	0	0	0	0	0	0	0	0	0	0	0	0	0	0	0	0	0	0	0	0	0	0	0	0	0	0	26	21	0	0	0	0	0	0	0	0	0	0	0	0	0	0	0	0	0	0	0	0	0	"k__Bacteria;"
285	0	0	0	0	0	0	0	0	0	0	0	0	0	0	0	0	0	0	0	0	0	0	0	0	0	0	0	0	0	0	0	0	0	0	0	0	0	0	0	0	0	0	0	0	0	0	46	0	0	0	0	0	"k__Viridiplantae;p__Chlorophyta;c__Chlorophyceae;o__Chlamydomonadales;"
286	0	0	0	0	0	0	0	0	0	0	0	0	0	0	0	0	0	0	0	0	0	0	0	0	0	0	0	0	0	0	0	0	0	0	0	0	0	0	0	0	0	0	0	0	0	0	46	0	0	0	0	0	"k__Bacteria;"
287	0	0	0	0	6	11	11	0	0	0	0	0	0	0	0	0	0	0	0	0	0	0	0	0	0	0	0	0	0	0	0	0	0	0	0	0	0	0	17	0	0	0	0	0	0	0	0	0	0	0	0	0	"k__Viridiplantae;p__Chlorophyta;c__Prasinophyceae;o__Pseudoscourfieldiales;f__Pycnococcaceae;g__Nephroselmis;"
289	0	0	0	0	0	0	0	0	0	0	0	0	0	0	0	27	0	0	0	0	0	0	0	0	0	0	0	0	0	0	0	0	0	0	0	0	0	0	0	0	0	0	0	0	0	0	18	0	0	0	0	0	"k__Bacteria;"
290	0	0	0	0	0	0	0	0	0	0	0	0	0	0	0	16	0	0	0	0	0	0	0	0	0	0	0	0	0	0	0	29	0	0	0	0	0	0	0	0	0	0	0	0	0	0	0	0	0	0	0	0	"k__Viridiplantae;p__Chlorophyta;c__Chlorophyceae;"
292	0	0	0	0	0	0	0	0	0	0	0	0	0	0	0	0	0	0	0	0	0	0	0	0	0	0	0	0	0	0	0	0	0	0	0	0	0	0	0	0	0	0	0	45	0	0	0	0	0	0	0	0	"k__Bacteria;"
294	0	0	0	30	0	0	0	0	0	0	0	0	0	0	0	0	0	0	0	0	0	0	0	0	0	0	0	0	0	0	0	0	4	10	0	0	0	0	0	0	0	0	0	0	0	0	0	0	0	0	0	0	"k__Viridiplantae;p__Chlorophyta;c__Chlorophyceae;o__Chlamydomonadales;f__Spondylomoraceae;g__Pyrobotrys;"
296	0	0	0	0	0	0	0	0	0	0	0	0	32	0	0	0	0	0	0	0	0	0	0	0	0	0	0	0	0	0	0	12	0	0	0	0	0	0	0	0	0	0	0	0	0	0	0	0	0	0	0	0	"k__Viridiplantae;p__Chlorophyta;c__Prasinophyceae;o__Pseudoscourfieldiales;f__Pycnococcaceae;g__Nephroselmis;"
300	0	0	0	0	0	0	0	0	0	0	0	0	0	0	0	0	0	0	0	0	0	0	0	0	0	0	0	0	0	0	0	0	0	0	0	0	0	0	0	0	0	0	0	0	0	0	44	0	0	0	0	0	"k__Viridiplantae;p__Chlorophyta;c__Chlorophyceae;o__Chlamydomonadales;"
303	0	0	0	0	0	0	0	0	0	0	0	0	0	0	0	0	0	0	11	0	0	0	0	0	7	6	0	0	0	0	0	0	7	0	5	0	0	0	0	0	0	0	0	0	0	0	7	0	0	0	0	0	"k__Bacteria;p__Proteobacteria;c__Alphaproteobacteria;o__Rickettsiales;f__mitochondria;"
304	0	0	0	0	0	0	0	0	0	0	0	0	0	0	0	0	0	0	32	0	0	0	0	0	0	0	10	0	0	0	0	0	0	0	0	0	0	0	0	0	0	0	0	0	0	0	0	0	0	0	0	0	"k__Viridiplantae;p__Chlorophyta;c__Chlorophyceae;o__Chlamydomonadales;f__Chlorococcaceae;g__Chlorococcum;"
305	0	0	0	0	0	0	0	0	0	0	0	0	0	0	0	0	0	0	0	0	0	0	0	0	0	0	0	42	0	0	0	0	0	0	0	0	0	0	0	0	0	0	0	0	0	0	0	0	0	0	0	0	"k__Viridiplantae;p__Chlorophyta;c__Prasinophyceae;o__Pseudoscourfieldiales;f__Pycnococcaceae;g__Nephroselmis;"
306	0	0	0	0	0	0	0	0	0	0	0	0	0	0	0	0	0	0	0	0	0	0	0	0	0	0	0	0	0	0	0	0	0	0	0	0	0	0	0	0	0	0	0	0	0	0	0	0	0	0	0	42	"k__Bacteria;p__Proteobacteria;c__Alphaproteobacteria;o__Rickettsiales;f__mitochondria;"
308	0	0	3	0	0	0	0	0	0	0	0	0	6	0	4	4	0	0	0	0	12	5	0	0	0	0	0	0	0	0	2	0	0	0	0	0	0	0	0	0	0	0	0	0	0	0	0	0	0	0	0	4	"k__Bacteria;"
309	0	0	0	0	0	0	0	0	0	0	0	0	0	0	0	0	0	0	0	0	0	0	0	24	0	0	0	0	0	0	0	0	0	0	0	0	0	0	0	0	0	0	0	0	0	0	16	0	0	0	0	0	"k__Bacteria;"
310	0	0	0	0	0	0	0	0	0	0	0	0	0	0	0	0	0	0	0	0	0	0	0	0	0	0	0	0	0	0	0	0	0	0	0	0	0	0	0	0	0	0	0	0	0	0	40	0	0	0	0	0	"k__Bacteria;p__Proteobacteria;c__Alphaproteobacteria;o__Rickettsiales;f__mitochondria;"
311	0	0	0	0	0	0	0	0	0	0	0	0	0	0	0	0	0	0	0	0	0	0	0	0	0	0	0	0	0	0	0	0	0	0	0	0	0	0	0	0	0	0	0	0	0	0	0	0	40	0	0	0	"k__Bacteria;"
312	9	0	11	8	0	0	0	0	0	0	0	0	0	0	0	0	0	0	0	0	0	0	0	0	0	0	0	0	0	0	0	0	0	0	0	11	0	0	0	0	0	0	0	0	0	0	0	0	0	0	0	0	"k__Bacteria;p__Proteobacteria;c__Alphaproteobacteria;o__Rickettsiales;f__mitochondria;"
317	0	0	0	0	0	0	0	0	0	0	0	0	0	0	0	0	0	5	0	0	0	0	0	0	0	0	0	0	0	0	0	0	10	11	11	0	0	0	0	0	0	0	0	0	0	0	0	0	0	0	0	0	"k__Bacteria;"
318	0	0	0	0	0	0	0	0	0	0	0	0	0	0	0	0	0	0	0	0	0	0	0	37	0	0	0	0	0	0	0	0	0	0	0	0	0	0	0	0	0	0	0	0	0	0	0	0	0	0	0	0	"k__Bacteria;"
319	36	0	0	0	0	0	0	0	0	0	0	0	0	0	0	0	0	0	0	0	0	0	0	0	0	0	0	0	0	0	0	0	0	0	0	0	0	0	0	0	0	0	0	0	0	0	0	0	0	0	0	0	"k__Bacteria;"
325	0	0	0	0	0	6	0	12	0	0	0	0	0	0	0	0	0	0	0	0	0	0	0	0	0	0	0	0	0	0	0	0	0	0	0	0	10	0	7	0	0	0	0	0	0	0	0	0	0	0	0	0	"k__Bacteria;"
326	6	0	5	7	0	0	0	0	0	0	0	0	0	0	0	7	0	0	0	0	0	0	0	0	0	0	0	0	0	0	0	2	0	0	0	4	0	0	0	0	0	0	0	0	0	0	0	0	0	0	0	3	"k__Bacteria;"
331	0	0	0	0	0	0	0	0	0	0	0	13	20	0	0	0	0	0	0	0	0	0	0	0	0	0	0	0	0	0	0	0	0	0	0	0	0	0	0	0	0	0	0	0	0	0	0	0	0	0	0	0	"k__Bacteria;"
334	0	0	0	0	0	0	0	0	0	0	0	0	0	0	0	0	3	0	12	4	0	0	0	0	0	4	0	0	0	0	0	0	0	4	0	0	0	0	0	0	0	0	0	0	0	0	0	0	0	5	0	0	"k__Bacteria;"
336	0	0	0	0	0	0	0	0	0	0	0	0	0	0	0	0	0	0	0	0	0	0	0	0	7	0	0	7	0	0	0	0	0	0	9	0	3	0	6	0	0	0	0	0	0	0	0	0	0	0	0	0	"k__Bacteria;p__Proteobacteria;"
338	0	0	0	0	0	0	0	0	0	0	6	0	0	0	0	0	0	0	0	0	0	0	0	0	0	0	10	0	0	0	0	0	8	0	0	0	0	0	0	0	0	0	0	0	0	0	7	0	0	0	0	0	"k__Bacteria;"
349	0	0	0	0	0	2	5	0	0	0	0	0	0	0	0	0	0	0	0	0	0	0	0	8	0	0	0	0	0	0	0	0	0	0	0	0	0	4	0	3	0	6	0	0	0	0	0	0	0	0	0	0	"k__Bacteria;"
350	0	0	0	0	0	0	0	0	0	0	0	0	15	0	0	0	0	0	0	0	0	0	0	0	0	0	0	0	0	10	0	0	0	0	0	0	0	0	0	0	0	0	0	0	0	0	3	0	0	0	0	0	"k__Archaea;"
356	0	0	0	0	0	0	0	0	0	0	0	0	0	0	0	0	0	0	0	0	0	0	0	0	0	0	0	0	0	0	0	0	0	0	0	0	0	0	0	0	28	0	0	0	0	0	0	0	0	0	0	0	"k__Viridiplantae;p__Chlorophyta;"
357	0	0	0	0	0	0	0	0	0	0	0	0	0	0	0	0	0	0	0	0	0	0	0	0	0	0	0	0	0	0	0	0	0	0	0	0	0	0	0	0	0	0	0	0	12	0	16	0	0	0	0	0	"k__Bacteria;"
361	0	0	0	0	0	0	0	0	0	0	0	0	0	0	0	0	0	0	0	0	0	0	0	0	0	0	0	0	0	0	0	0	0	0	0	0	0	0	0	27	0	0	0	0	0	0	0	0	0	0	0	0	"k__Bacteria;"
362	0	0	0	0	0	0	0	12	0	0	0	0	0	0	0	0	0	0	0	0	0	0	0	0	0	0	0	0	0	0	0	0	0	0	0	0	0	0	0	0	0	0	0	0	0	0	14	0	0	0	0	0	"k__Viridiplantae;p__Chlorophyta;c__Chlorophyceae;o__Sphaeropleales;f__Scenedesmaceae;g__Acutodesmus;"
365	0	0	0	0	0	0	0	0	0	0	0	0	0	0	0	0	0	0	0	0	0	0	0	0	12	0	14	0	0	0	0	0	0	0	0	0	0	0	0	0	0	0	0	0	0	0	0	0	0	0	0	0	"k__Bacteria;"
367	0	0	0	0	0	0	0	0	0	0	0	7	0	0	0	0	3	0	8	0	0	0	0	0	0	0	0	0	0	0	0	0	0	0	3	0	0	0	0	0	0	0	0	0	0	0	0	0	0	4	0	0	"k__Bacteria;"
376	0	0	0	10	0	0	0	0	0	0	0	0	0	0	0	0	0	0	0	0	0	0	0	0	0	0	0	0	13	0	0	0	0	0	0	0	0	0	0	0	0	0	0	0	0	0	0	0	0	0	0	0	"k__Viridiplantae;p__Chlorophyta;c__Chlorophyceae;o__Chlamydomonadales;f__Chlorococcaceae;g__Chlorococcum;"
377	0	0	0	0	23	0	0	0	0	0	0	0	0	0	0	0	0	0	0	0	0	0	0	0	0	0	0	0	0	0	0	0	0	0	0	0	0	0	0	0	0	0	0	0	0	0	0	0	0	0	0	0	"k__Viridiplantae;p__Chlorophyta;c__Chlorophyceae;o__Sphaeropleales;f__Scenedesmaceae;g__Acutodesmus;"
381	0	0	0	4	8	0	0	0	0	0	0	0	0	0	0	0	0	0	0	0	0	0	0	0	0	0	0	0	0	0	10	0	0	0	0	0	0	0	0	0	0	0	0	0	0	0	0	0	0	0	0	0	"k__Bacteria;p__Proteobacteria;c__Alphaproteobacteria;o__Rickettsiales;f__mitochondria;"
382	0	0	0	0	6	0	0	0	0	0	0	0	0	0	0	0	0	0	3	0	0	0	0	0	0	0	0	0	0	0	0	0	0	0	13	0	0	0	0	0	0	0	0	0	0	0	0	0	0	0	0	0	"k__Bacteria;"
386	0	0	0	0	0	0	0	0	0	0	0	0	0	0	0	0	0	0	0	0	0	0	0	0	0	0	0	0	0	0	0	0	0	0	0	0	0	0	22	0	0	0	0	0	0	0	0	0	0	0	0	0	"k__Bacteria;"
387	0	0	0	0	0	0	0	0	0	0	0	0	0	0	0	0	0	0	0	0	0	0	0	0	0	0	0	0	0	0	0	0	0	0	0	0	0	0	0	22	0	0	0	0	0	0	0	0	0	0	0	0	"k__Viridiplantae;p__Chlorophyta;"
388	0	0	0	0	0	0	0	0	0	0	0	0	0	0	0	0	0	0	0	0	0	0	0	0	0	0	0	0	0	0	0	0	0	0	0	0	0	0	0	0	0	0	0	0	0	16	6	0	0	0	0	0	"k__Bacteria;"
389	0	0	0	0	0	0	0	0	0	0	0	0	0	0	0	0	0	0	0	0	0	0	0	0	0	0	0	0	0	0	0	0	0	0	0	0	0	0	0	0	0	0	0	0	0	0	22	0	0	0	0	0	"k__Bacteria;"
390	0	0	0	0	0	0	0	0	0	0	0	0	0	0	0	0	0	0	0	0	0	0	0	0	0	0	0	0	0	0	0	0	0	0	0	0	0	0	0	0	0	0	0	0	0	0	22	0	0	0	0	0	"k__Viridiplantae;p__Chlorophyta;c__Chlorophyceae;o__Chlamydomonadales;f__Spondylomoraceae;g__Pyrobotrys;"
392	0	0	0	0	0	0	13	0	0	0	0	0	0	0	0	0	0	0	0	0	0	0	0	0	0	0	0	0	0	0	0	0	0	7	0	0	0	0	0	0	0	0	0	0	0	0	0	0	0	0	0	0	"k__Viridiplantae;p__Chlorophyta;c__Chlorophyceae;"
395	0	0	0	0	0	0	0	0	0	0	0	0	0	0	0	0	0	0	0	0	0	0	0	0	0	0	0	0	0	0	20	0	0	0	0	0	0	0	0	0	0	0	0	0	0	0	0	0	0	0	0	0	"k__Bacteria;p__Proteobacteria;c__Alphaproteobacteria;"
399	0	0	0	0	0	0	0	0	0	0	0	0	14	0	0	0	0	0	0	0	0	0	0	0	0	0	0	0	0	0	0	0	5	0	0	0	0	0	0	0	0	0	0	0	0	0	0	0	0	0	0	0	"k__Viridiplantae;p__Streptophyta;c__Klebsormidiophyceae;o__Klebsormidiales;f__Elakatotrichaceae;g__Raphidonema;"
404	0	0	0	0	0	0	0	0	0	0	0	0	0	0	0	0	0	0	0	0	0	0	0	0	0	3	0	0	0	0	0	0	0	0	0	0	0	0	0	0	0	0	0	0	12	0	4	0	0	0	0	0	"k__Bacteria;"
408	0	0	0	0	0	0	0	0	0	0	0	0	0	0	0	0	0	0	0	0	0	0	0	0	0	0	0	0	0	0	0	0	0	0	0	0	0	0	0	0	0	0	0	0	0	0	10	9	0	0	0	0	"k__Bacteria;"
409	0	0	0	0	0	0	0	0	0	0	0	0	18	0	0	0	0	0	0	0	0	0	0	0	0	0	0	0	0	0	0	0	0	0	0	0	0	0	0	0	0	0	0	0	0	0	0	0	0	0	0	0	"k__Viridiplantae;p__Chlorophyta;c__Chlorophyceae;o__Chlamydomonadales;"
412	0	0	0	0	0	0	0	0	0	0	0	0	0	0	0	0	0	0	0	0	0	0	0	0	0	18	0	0	0	0	0	0	0	0	0	0	0	0	0	0	0	0	0	0	0	0	0	0	0	0	0	0	"k__Bacteria;"
415	0	0	0	0	0	0	0	0	0	0	0	0	0	0	0	0	0	0	0	0	0	0	0	0	0	0	0	0	0	0	0	0	0	0	0	0	0	0	18	0	0	0	0	0	0	0	0	0	0	0	0	0	"k__Viridiplantae;"
416	0	0	0	0	0	0	0	0	0	0	0	0	0	0	0	0	0	0	0	0	0	0	0	0	0	0	0	0	0	0	0	0	0	0	0	0	0	0	0	0	0	0	0	0	2	8	5	3	0	0	0	0	"k__Bacteria;"
417	0	0	0	0	0	0	0	0	0	0	0	0	0	0	0	0	0	0	0	0	0	0	0	0	0	0	0	0	0	0	0	0	0	0	0	0	0	0	0	0	0	0	0	0	0	18	0	0	0	0	0	0	"k__Bacteria;"
419	0	0	0	0	0	0	0	0	0	0	0	0	0	0	0	0	0	0	0	0	0	0	0	0	0	0	0	0	0	0	0	0	0	0	0	0	0	0	0	0	0	0	0	0	0	0	18	0	0	0	0	0	"k__Bacteria;p__Proteobacteria;c__Gammaproteobacteria;o__Enterobacteriales;f__Enterobacteriaceae;g__EnterobacteriaceaeFA;"
420	0	0	0	0	0	0	0	0	0	0	0	0	0	0	0	0	0	0	0	0	0	0	0	0	0	0	0	0	0	0	0	0	0	0	0	0	0	0	0	0	0	0	0	0	0	0	18	0	0	0	0	0	"k__Viridiplantae;p__Streptophyta;c__Klebsormidiophyceae;o__Klebsormidiales;f__Elakatotrichaceae;g__Raphidonema;"
422	0	0	0	0	0	0	0	0	0	0	0	0	0	0	0	0	0	0	0	0	0	0	17	0	0	0	0	0	0	0	0	0	0	0	0	0	0	0	0	0	0	0	0	0	0	0	0	0	0	0	0	0	"k__Bacteria;p__Proteobacteria;c__Alphaproteobacteria;"
426	0	0	0	0	0	0	0	0	0	0	0	0	0	0	0	0	0	0	0	0	0	0	0	0	0	0	0	0	0	0	0	0	0	0	0	0	0	0	0	0	0	0	0	0	0	0	17	0	0	0	0	0	"k__Bacteria;"
428	0	0	0	0	0	0	0	0	16	0	0	0	0	0	0	0	0	0	0	0	0	0	0	0	0	0	0	0	0	0	0	0	0	0	0	0	0	0	0	0	0	0	0	0	0	0	0	0	0	0	0	0	"k__Metazoa;p__Arthropoda;c__Insecta;o__Coleoptera;f__Chrysomelidae;g__Phaedon;"
429	0	0	0	0	0	0	0	0	0	0	0	0	16	0	0	0	0	0	0	0	0	0	0	0	0	0	0	0	0	0	0	0	0	0	0	0	0	0	0	0	0	0	0	0	0	0	0	0	0	0	0	0	"k__Viridiplantae;p__Chlorophyta;c__Chlorophyceae;o__Chlamydomonadales;f__Chlorococcaceae;g__Chlorococcum;"
430	0	0	0	0	0	0	0	0	0	0	0	0	5	0	0	7	0	0	0	0	0	0	0	0	0	0	0	0	4	0	0	0	0	0	0	0	0	0	0	0	0	0	0	0	0	0	0	0	0	0	0	0	"k__Bacteria;"
431	0	0	0	0	0	0	0	0	0	0	0	0	0	0	0	0	0	0	0	0	0	0	0	0	0	0	0	0	0	10	0	0	6	0	0	0	0	0	0	0	0	0	0	0	0	0	0	0	0	0	0	0	"k__Viridiplantae;"
435	0	0	3	6	0	0	0	0	0	0	0	0	0	0	0	0	0	0	0	0	0	0	0	0	0	0	0	0	0	0	0	0	0	0	0	6	0	0	0	0	0	0	0	0	0	0	0	0	0	0	0	0	"k__Bacteria;"
437	0	0	0	6	0	0	0	0	0	0	0	0	0	0	0	0	0	0	0	0	0	0	0	0	0	0	0	0	0	0	0	0	9	0	0	0	0	0	0	0	0	0	0	0	0	0	0	0	0	0	0	0	"k__Viridiplantae;p__Chlorophyta;c__Chlorophyceae;"
440	0	0	0	0	0	4	0	0	0	0	0	0	0	0	0	0	0	0	0	0	0	0	0	5	0	0	0	0	0	0	0	0	0	0	0	0	6	0	0	0	0	0	0	0	0	0	0	0	0	0	0	0	"k__Bacteria;p__Proteobacteria;c__Alphaproteobacteria;o__Rickettsiales;f__mitochondria;"
442	0	0	0	0	0	0	0	0	0	0	0	5	0	0	0	0	0	0	0	0	0	0	0	0	0	0	0	0	0	0	0	0	0	0	10	0	0	0	0	0	0	0	0	0	0	0	0	0	0	0	0	0	"k__Bacteria;"
445	0	0	0	0	0	0	0	0	0	0	0	0	0	0	0	0	0	0	0	0	0	0	0	10	0	0	0	0	0	0	0	0	0	0	0	0	0	0	5	0	0	0	0	0	0	0	0	0	0	0	0	0	"k__Bacteria;"
448	0	0	0	0	0	0	0	0	0	0	0	0	0	0	0	0	0	0	0	0	0	0	0	0	0	0	0	0	0	0	0	0	0	0	0	0	3	3	9	0	0	0	0	0	0	0	0	0	0	0	0	0	"k__Bacteria;"
451	0	0	0	0	0	0	0	5	0	0	0	0	0	0	0	0	0	0	0	0	0	0	0	0	0	0	0	0	0	0	0	0	0	0	0	0	5	0	4	0	0	0	0	0	0	0	0	0	0	0	0	0	"k__Bacteria;"
453	0	0	0	0	0	0	0	0	0	0	0	0	0	0	7	0	0	0	0	0	0	0	0	0	0	0	0	0	0	0	2	0	0	0	0	0	0	0	0	0	0	0	0	0	0	0	0	0	0	0	5	0	"k__Bacteria;"
457	0	0	0	0	0	0	0	0	0	0	0	0	0	0	0	0	0	0	0	0	0	0	0	0	9	0	0	0	0	0	0	0	5	0	0	0	0	0	0	0	0	0	0	0	0	0	0	0	0	0	0	0	"k__Bacteria;"
459	0	0	0	0	0	0	0	0	0	0	0	0	0	0	0	0	0	0	0	0	0	0	0	0	0	0	0	12	0	0	0	0	0	0	0	0	0	0	0	2	0	0	0	0	0	0	0	0	0	0	0	0	"k__Bacteria;p__Proteobacteria;c__Alphaproteobacteria;o__Rickettsiales;f__mitochondria;"
462	0	0	0	0	0	0	0	0	0	0	0	0	0	0	0	0	0	0	0	0	0	0	0	0	0	0	0	0	0	0	0	0	0	0	0	0	0	0	0	0	0	0	0	0	0	0	14	0	0	0	0	0	"k__Bacteria;"
463	0	0	0	0	0	0	0	0	0	0	0	0	0	0	0	0	0	0	0	0	0	0	0	0	0	0	0	0	0	0	0	0	0	0	0	0	0	0	0	0	0	0	0	0	0	0	0	14	0	0	0	0	"k__Bacteria;"
464	0	0	0	0	4	0	0	0	0	0	0	9	0	0	0	0	0	0	0	0	0	0	0	0	0	0	0	0	0	0	0	0	0	0	0	0	0	0	0	0	0	0	0	0	0	0	0	0	0	0	0	0	"k__Bacteria;p__Proteobacteria;c__Alphaproteobacteria;o__Rickettsiales;f__mitochondria;"
466	0	0	0	0	0	0	0	0	0	0	0	0	0	0	0	0	0	0	0	0	0	0	0	0	0	0	13	0	0	0	0	0	0	0	0	0	0	0	0	0	0	0	0	0	0	0	0	0	0	0	0	0	"k__Viridiplantae;p__Chlorophyta;c__Chlorophyceae;"
468	0	0	0	0	0	0	0	0	0	0	0	0	0	0	0	0	0	0	0	0	0	0	0	0	0	0	0	0	0	0	0	0	6	0	7	0	0	0	0	0	0	0	0	0	0	0	0	0	0	0	0	0	"k__Bacteria;"
470	0	0	0	0	0	0	0	0	0	0	0	0	0	0	0	0	0	0	0	0	0	0	0	0	0	0	0	0	0	0	0	0	0	0	0	0	6	0	0	7	0	0	0	0	0	0	0	0	0	0	0	0	"k__Bacteria;"
477	0	0	0	0	0	0	0	0	0	0	0	0	0	0	0	9	0	0	0	0	0	0	0	3	0	0	0	0	0	0	0	0	0	0	0	0	0	0	0	0	0	0	0	0	0	0	0	0	0	0	0	0	"k__Viridiplantae;"
478	0	0	0	0	0	0	0	0	0	0	0	0	0	0	0	0	12	0	0	0	0	0	0	0	0	0	0	0	0	0	0	0	0	0	0	0	0	0	0	0	0	0	0	0	0	0	0	0	0	0	0	0	"k__Bacteria;"
479	0	0	0	0	0	0	0	0	0	0	0	0	0	0	0	0	0	0	0	0	0	0	0	0	7	0	5	0	0	0	0	0	0	0	0	0	0	0	0	0	0	0	0	0	0	0	0	0	0	0	0	0	"k__Bacteria;"
482	0	0	0	0	0	0	0	0	0	0	0	0	0	0	0	0	0	0	0	0	0	0	0	0	0	0	0	0	0	0	0	0	0	0	0	0	0	0	0	0	0	0	0	0	0	0	12	0	0	0	0	0	"k__Viridiplantae;p__Chlorophyta;c__Prasinophyceae;o__Pseudoscourfieldiales;f__Pycnococcaceae;g__Nephroselmis;"
483	0	0	0	0	0	0	0	0	0	0	0	0	0	0	0	0	0	0	0	0	0	0	0	0	0	0	0	0	0	0	0	0	0	0	0	0	0	0	0	0	0	0	0	0	0	0	12	0	0	0	0	0	"k__Bacteria;"
485	0	0	0	11	0	0	0	0	0	0	0	0	0	0	0	0	0	0	0	0	0	0	0	0	0	0	0	0	0	0	0	0	0	0	0	0	0	0	0	0	0	0	0	0	0	0	0	0	0	0	0	0	"k__Viridiplantae;p__Chlorophyta;c__Ulvophyceae;o__Ulvales;f__Monostromataceae;g__Ulvaria;"
486	0	0	0	0	11	0	0	0	0	0	0	0	0	0	0	0	0	0	0	0	0	0	0	0	0	0	0	0	0	0	0	0	0	0	0	0	0	0	0	0	0	0	0	0	0	0	0	0	0	0	0	0	"k__Bacteria;"
488	0	0	0	0	0	0	0	4	0	0	0	0	0	0	0	0	0	0	0	0	0	0	0	0	0	0	0	0	0	0	0	0	0	0	0	0	0	2	5	0	0	0	0	0	0	0	0	0	0	0	0	0	"k__Bacteria;"
491	0	0	0	0	0	0	0	0	0	0	0	0	0	0	0	0	8	0	3	0	0	0	0	0	0	0	0	0	0	0	0	0	0	0	0	0	0	0	0	0	0	0	0	0	0	0	0	0	0	0	0	0	"k__Bacteria;"
495	0	0	0	0	0	0	0	0	0	0	0	0	0	0	0	0	0	0	0	0	0	0	0	0	0	0	0	0	0	5	6	0	0	0	0	0	0	0	0	0	0	0	0	0	0	0	0	0	0	0	0	0	"k__Bacteria;p__Proteobacteria;"
496	0	0	0	0	0	0	0	0	0	0	0	0	0	0	0	0	0	0	0	0	0	0	0	0	0	0	0	0	0	0	0	0	11	0	0	0	0	0	0	0	0	0	0	0	0	0	0	0	0	0	0	0	"k__Bacteria;"
499	0	0	0	0	0	0	0	0	0	0	0	0	0	0	0	0	0	0	0	0	0	0	0	0	0	0	0	0	0	0	0	0	0	0	0	0	0	0	0	0	0	10	1	0	0	0	0	0	0	0	0	0	"k__Bacteria;"
500	0	0	0	0	0	0	0	0	0	0	0	0	0	0	0	0	0	0	0	0	0	0	0	0	0	0	0	0	0	0	0	0	0	0	0	0	0	0	0	0	0	0	0	0	0	0	11	0	0	0	0	0	"k__Bacteria;p__Proteobacteria;c__Alphaproteobacteria;o__Rickettsiales;f__mitochondria;g__Ochromonas;"
501	0	0	0	0	10	0	0	0	0	0	0	0	0	0	0	0	0	0	0	0	0	0	0	0	0	0	0	0	0	0	0	0	0	0	0	0	0	0	0	0	0	0	0	0	0	0	0	0	0	0	0	0	"k__Bacteria;"
502	0	0	0	0	6	0	0	0	0	0	0	0	0	0	0	0	0	0	0	0	0	0	0	0	0	0	0	0	0	0	0	0	0	0	0	0	4	0	0	0	0	0	0	0	0	0	0	0	0	0	0	0	"k__Bacteria;"
506	0	0	0	0	0	0	0	0	0	0	0	0	0	0	0	0	0	0	3	0	0	0	0	0	0	0	0	0	0	0	0	0	0	0	0	0	0	0	0	0	0	0	0	0	0	0	7	0	0	0	0	0	"k__Bacteria;"
507	0	0	0	0	0	0	0	0	0	0	0	0	0	0	0	0	0	0	0	0	0	0	10	0	0	0	0	0	0	0	0	0	0	0	0	0	0	0	0	0	0	0	0	0	0	0	0	0	0	0	0	0	"k__Bacteria;"
508	0	0	0	0	0	0	0	0	0	0	0	0	0	0	0	0	0	0	0	0	0	0	0	0	0	0	0	0	0	10	0	0	0	0	0	0	0	0	0	0	0	0	0	0	0	0	0	0	0	0	0	0	"k__Viridiplantae;p__Chlorophyta;c__Chlorophyceae;o__Chlamydomonadales;"
510	0	0	0	0	0	0	0	0	0	0	0	0	0	0	0	0	0	0	0	0	0	0	0	0	0	0	0	0	0	0	0	0	0	0	0	0	10	0	0	0	0	0	0	0	0	0	0	0	0	0	0	0	"k__Bacteria;"
511	0	0	0	0	0	0	0	0	0	0	0	0	0	0	0	0	0	0	0	0	0	0	0	0	0	0	0	0	0	0	0	0	0	0	0	0	7	3	0	0	0	0	0	0	0	0	0	0	0	0	0	0	"k__Bacteria;"
513	0	0	0	0	0	0	0	0	0	0	0	0	0	0	0	0	0	0	0	0	0	0	0	0	0	0	0	0	0	0	0	0	0	0	0	0	0	0	10	0	0	0	0	0	0	0	0	0	0	0	0	0	"k__Viridiplantae;p__Chlorophyta;c__Chlorophyceae;"
514	0	0	0	0	0	0	0	0	0	0	0	0	0	0	0	0	0	0	0	0	0	0	0	0	0	0	0	0	0	0	0	0	0	0	0	0	0	0	0	0	0	0	0	0	10	0	0	0	0	0	0	0	"k__Viridiplantae;p__Chlorophyta;c__Chlorophyceae;o__Chlamydomonadales;f__Spondylomoraceae;g__Pyrobotrys;"
516	0	0	0	0	0	0	0	0	0	0	0	0	0	0	0	0	0	0	0	0	0	0	0	0	0	0	0	0	0	0	0	0	0	0	0	0	0	0	0	0	0	0	0	0	0	0	10	0	0	0	0	0	"k__Bacteria;"
517	0	0	0	0	0	0	0	0	0	0	0	0	0	0	0	0	0	0	0	0	0	0	0	0	0	0	0	0	0	0	0	0	0	0	0	0	0	0	0	0	0	0	0	0	0	0	10	0	0	0	0	0	"k__Bacteria;"
518	0	0	0	0	0	0	0	0	0	0	0	0	0	0	0	0	0	0	0	0	0	0	0	0	0	0	0	0	0	0	0	0	0	0	0	0	0	0	0	0	0	0	0	0	0	0	10	0	0	0	0	0	"k__Viridiplantae;p__Chlorophyta;c__Chlorophyceae;o__Chlamydomonadales;f__Spondylomoraceae;g__Pyrobotrys;"
520	0	0	0	4	0	0	0	0	0	0	0	0	0	0	0	0	0	0	0	0	5	0	0	0	0	0	0	0	0	0	0	0	0	0	0	0	0	0	0	0	0	0	0	0	0	0	0	0	0	0	0	0	"k__Bacteria;p__Proteobacteria;"
521	0	0	0	0	9	0	0	0	0	0	0	0	0	0	0	0	0	0	0	0	0	0	0	0	0	0	0	0	0	0	0	0	0	0	0	0	0	0	0	0	0	0	0	0	0	0	0	0	0	0	0	0	"k__Viridiplantae;p__Streptophyta;c__Klebsormidiophyceae;o__Klebsormidiales;f__Elakatotrichaceae;g__Raphidonema;"
525	0	0	0	0	0	0	0	0	0	2	0	0	0	0	0	0	0	0	0	0	0	0	0	0	0	0	7	0	0	0	0	0	0	0	0	0	0	0	0	0	0	0	0	0	0	0	0	0	0	0	0	0	"k__Bacteria;p__Planctomycetes;c__Phycisphaerae;o__WD2101;f__WD2101OR;g__WD2101OR;"
526	0	0	0	0	0	0	0	0	0	0	9	0	0	0	0	0	0	0	0	0	0	0	0	0	0	0	0	0	0	0	0	0	0	0	0	0	0	0	0	0	0	0	0	0	0	0	0	0	0	0	0	0	"k__Bacteria;"
529	0	0	0	0	0	0	0	0	0	0	0	0	0	0	0	0	0	0	0	0	0	9	0	0	0	0	0	0	0	0	0	0	0	0	0	0	0	0	0	0	0	0	0	0	0	0	0	0	0	0	0	0	"k__Bacteria;p__Proteobacteria;"
531	0	0	0	0	0	0	0	0	0	0	0	0	0	0	0	0	0	0	0	0	0	0	0	0	0	0	0	0	9	0	0	0	0	0	0	0	0	0	0	0	0	0	0	0	0	0	0	0	0	0	0	0	"k__Bacteria;"
534	0	0	0	0	0	0	0	0	0	0	0	0	0	0	0	0	0	0	0	0	0	0	0	0	0	0	0	0	0	0	0	0	0	0	0	0	0	0	9	0	0	0	0	0	0	0	0	0	0	0	0	0	"k__Viridiplantae;"
536	0	0	0	0	0	0	0	0	0	0	0	0	0	0	0	0	0	0	0	0	0	0	0	0	0	0	0	0	0	0	0	0	0	0	0	0	0	0	5	0	4	0	0	0	0	0	0	0	0	0	0	0	"k__Bacteria;p__Proteobacteria;c__Alphaproteobacteria;o__Rickettsiales;"
537	0	0	0	0	0	0	0	0	0	0	0	0	0	0	0	0	0	0	0	0	0	0	0	0	0	0	0	0	0	0	0	0	0	0	0	0	0	0	0	0	0	0	0	0	6	0	3	0	0	0	0	0	"k__Bacteria;"
538	0	0	0	0	0	0	0	0	0	0	0	0	0	0	0	0	0	0	0	0	0	0	0	0	0	0	0	0	0	0	0	0	0	0	0	0	0	0	0	0	0	0	0	0	0	0	9	0	0	0	0	0	"k__Bacteria;"
542	0	0	0	3	0	0	0	0	0	0	0	0	0	2	0	3	0	0	0	0	0	0	0	0	0	0	0	0	0	0	0	0	0	0	0	0	0	0	0	0	0	0	0	0	0	0	0	0	0	0	0	0	"k__Bacteria;p__Proteobacteria;"
543	0	0	0	0	8	0	0	0	0	0	0	0	0	0	0	0	0	0	0	0	0	0	0	0	0	0	0	0	0	0	0	0	0	0	0	0	0	0	0	0	0	0	0	0	0	0	0	0	0	0	0	0	"k__Viridiplantae;p__Streptophyta;c__Klebsormidiophyceae;o__Klebsormidiales;f__Elakatotrichaceae;g__Raphidonema;"
547	0	0	0	0	3	0	0	0	0	0	0	0	0	0	0	0	0	0	0	0	0	0	0	0	0	0	0	0	0	0	0	0	0	0	0	0	5	0	0	0	0	0	0	0	0	0	0	0	0	0	0	0	"k__Bacteria;"
551	0	0	0	0	0	0	0	0	0	0	0	8	0	0	0	0	0	0	0	0	0	0	0	0	0	0	0	0	0	0	0	0	0	0	0	0	0	0	0	0	0	0	0	0	0	0	0	0	0	0	0	0	"k__Viridiplantae;"
553	0	0	0	0	0	0	0	0	0	0	0	2	0	0	0	0	0	0	3	0	0	0	0	0	0	0	0	0	0	0	0	0	3	0	0	0	0	0	0	0	0	0	0	0	0	0	0	0	0	0	0	0	"k__Bacteria;"
557	0	0	0	0	0	0	0	0	0	0	0	0	0	0	0	0	8	0	0	0	0	0	0	0	0	0	0	0	0	0	0	0	0	0	0	0	0	0	0	0	0	0	0	0	0	0	0	0	0	0	0	0	"k__Viridiplantae;p__Streptophyta;c__Bryopsida;o__Bryales;f__Bryaceae;g__Rhodobryum;"
561	0	0	0	0	0	0	0	0	0	0	0	0	0	0	0	0	0	0	0	0	0	0	0	0	0	0	0	0	0	0	8	0	0	0	0	0	0	0	0	0	0	0	0	0	0	0	0	0	0	0	0	0	"k__Bacteria;"
565	0	0	0	0	0	0	0	0	0	0	0	0	0	0	0	0	0	0	0	0	0	0	0	0	0	0	0	0	0	0	0	0	8	0	0	0	0	0	0	0	0	0	0	0	0	0	0	0	0	0	0	0	"k__Bacteria;"
568	0	0	0	0	0	0	0	0	0	0	0	0	0	0	0	0	0	0	0	0	0	0	0	0	0	0	0	0	0	0	0	0	0	0	0	0	0	0	8	0	0	0	0	0	0	0	0	0	0	0	0	0	"k__Viridiplantae;"
569	0	0	0	0	0	0	0	0	0	0	0	0	0	0	0	0	0	0	0	0	0	0	0	0	0	0	0	0	0	0	0	0	0	0	0	0	0	0	0	8	0	0	0	0	0	0	0	0	0	0	0	0	"k__Metazoa;p__Arthropoda;c__Insecta;o__Coleoptera;f__Chrysomelidae;g__Phaedon;"
571	0	0	0	0	0	0	0	0	0	0	0	0	0	0	0	0	0	0	0	0	0	0	0	0	0	0	0	0	0	0	0	0	0	0	0	0	0	0	0	0	0	0	0	0	0	0	8	0	0	0	0	0	"k__Bacteria;p__Proteobacteria;"
574	7	0	0	0	0	0	0	0	0	0	0	0	0	0	0	0	0	0	0	0	0	0	0	0	0	0	0	0	0	0	0	0	0	0	0	0	0	0	0	0	0	0	0	0	0	0	0	0	0	0	0	0	"k__Bacteria;"
580	0	0	0	0	0	0	0	0	0	0	0	7	0	0	0	0	0	0	0	0	0	0	0	0	0	0	0	0	0	0	0	0	0	0	0	0	0	0	0	0	0	0	0	0	0	0	0	0	0	0	0	0	"k__Bacteria;"
581	0	0	0	0	0	0	0	0	0	0	0	4	0	0	0	0	0	0	0	0	0	0	0	0	0	0	0	0	0	0	0	0	3	0	0	0	0	0	0	0	0	0	0	0	0	0	0	0	0	0	0	0	"k__Bacteria;"
582	0	0	0	0	0	0	0	0	0	0	0	0	7	0	0	0	0	0	0	0	0	0	0	0	0	0	0	0	0	0	0	0	0	0	0	0	0	0	0	0	0	0	0	0	0	0	0	0	0	0	0	0	"k__Bacteria;p__Proteobacteria;c__Alphaproteobacteria;"
589	0	0	0	0	0	0	0	0	0	0	0	0	0	0	0	0	0	0	0	0	0	0	0	0	7	0	0	0	0	0	0	0	0	0	0	0	0	0	0	0	0	0	0	0	0	0	0	0	0	0	0	0	"k__Viridiplantae;p__Streptophyta;c__Klebsormidiophyceae;o__Klebsormidiales;f__Elakatotrichaceae;g__Raphidonema;"
590	0	0	0	0	0	0	0	0	0	0	0	0	0	0	0	0	0	0	0	0	0	0	0	0	0	7	0	0	0	0	0	0	0	0	0	0	0	0	0	0	0	0	0	0	0	0	0	0	0	0	0	0	"k__Bacteria;"
592	0	0	0	0	0	0	0	0	0	0	0	0	0	0	0	0	0	0	0	0	0	0	0	0	0	0	0	0	0	7	0	0	0	0	0	0	0	0	0	0	0	0	0	0	0	0	0	0	0	0	0	0	"k__Bacteria;"
593	0	0	0	0	0	0	0	0	0	0	0	0	0	0	0	0	0	0	0	0	0	0	0	0	0	0	0	0	0	0	7	0	0	0	0	0	0	0	0	0	0	0	0	0	0	0	0	0	0	0	0	0	"k__Bacteria;"
596	0	0	0	0	0	0	0	0	0	0	0	0	0	0	0	0	0	0	0	0	0	0	0	0	0	0	0	0	0	0	0	0	0	0	0	0	0	0	0	0	0	0	0	0	0	0	0	7	0	0	0	0	"k__Bacteria;p__Proteobacteria;c__Alphaproteobacteria;o__Rickettsiales;f__mitochondria;"
597	0	0	0	0	5	0	0	1	0	0	0	0	0	0	0	0	0	0	0	0	0	0	0	0	0	0	0	0	0	0	0	0	0	0	0	0	0	0	0	0	0	0	0	0	0	0	0	0	0	0	0	0	"k__Bacteria;"
598	0	0	0	0	2	0	0	0	0	0	0	0	0	0	0	0	0	0	0	0	0	0	0	0	0	0	0	0	0	0	0	0	0	0	0	0	4	0	0	0	0	0	0	0	0	0	0	0	0	0	0	0	"k__Bacteria;"
599	0	0	0	0	0	0	0	2	0	0	0	0	0	0	0	0	0	0	0	0	0	0	0	0	0	0	0	0	0	0	0	0	0	0	0	0	3	0	1	0	0	0	0	0	0	0	0	0	0	0	0	0	"k__Bacteria;"
603	0	0	0	0	0	0	0	0	0	0	0	0	0	0	6	0	0	0	0	0	0	0	0	0	0	0	0	0	0	0	0	0	0	0	0	0	0	0	0	0	0	0	0	0	0	0	0	0	0	0	0	0	"k__Bacteria;"
604	0	0	0	0	0	0	0	0	0	0	0	0	0	0	0	0	0	4	2	0	0	0	0	0	0	0	0	0	0	0	0	0	0	0	0	0	0	0	0	0	0	0	0	0	0	0	0	0	0	0	0	0	"k__Bacteria;p__Proteobacteria;"
605	0	0	0	0	0	0	0	0	0	0	0	0	0	0	0	0	0	0	6	0	0	0	0	0	0	0	0	0	0	0	0	0	0	0	0	0	0	0	0	0	0	0	0	0	0	0	0	0	0	0	0	0	"k__Bacteria;"
608	0	0	0	0	0	0	0	0	0	0	0	0	0	0	0	0	0	0	0	0	2	0	0	0	0	0	0	0	0	4	0	0	0	0	0	0	0	0	0	0	0	0	0	0	0	0	0	0	0	0	0	0	"k__Bacteria;p__Proteobacteria;c__Alphaproteobacteria;o__Rickettsiales;f__mitochondria;g__Pyropia;"
609	0	0	0	0	0	0	0	0	0	0	0	0	0	0	0	0	0	0	0	0	0	0	6	0	0	0	0	0	0	0	0	0	0	0	0	0	0	0	0	0	0	0	0	0	0	0	0	0	0	0	0	0	"k__Bacteria;p__Proteobacteria;"
611	0	0	0	0	0	0	0	0	0	0	0	0	0	0	0	0	0	0	0	0	0	0	0	6	0	0	0	0	0	0	0	0	0	0	0	0	0	0	0	0	0	0	0	0	0	0	0	0	0	0	0	0	"k__Viridiplantae;p__Streptophyta;c__Klebsormidiophyceae;o__Klebsormidiales;f__Elakatotrichaceae;g__Raphidonema;"
612	0	0	0	0	0	0	0	0	0	0	0	0	0	0	0	0	0	0	0	0	0	0	0	0	6	0	0	0	0	0	0	0	0	0	0	0	0	0	0	0	0	0	0	0	0	0	0	0	0	0	0	0	"k__Bacteria;p__Planctomycetes;c__Phycisphaerae;o__WD2101;f__WD2101OR;g__WD2101OR;"
613	0	0	0	0	0	0	0	0	0	0	0	0	0	0	0	0	0	0	0	0	0	0	0	0	0	0	0	0	0	6	0	0	0	0	0	0	0	0	0	0	0	0	0	0	0	0	0	0	0	0	0	0	"k__Bacteria;"
614	0	0	0	0	0	0	0	0	0	0	0	0	0	0	0	0	0	0	0	0	0	0	0	0	0	0	0	0	0	0	6	0	0	0	0	0	0	0	0	0	0	0	0	0	0	0	0	0	0	0	0	0	"k__Viridiplantae;p__Chlorophyta;"
618	0	0	0	0	0	0	0	0	0	0	0	0	0	0	0	0	0	0	0	0	0	0	0	0	0	0	0	0	0	0	0	0	0	0	0	0	6	0	0	0	0	0	0	0	0	0	0	0	0	0	0	0	"k__Bacteria;p__Proteobacteria;c__Alphaproteobacteria;o__Rickettsiales;f__mitochondria;"
619	0	0	0	0	0	0	0	0	0	0	0	0	0	0	0	0	0	0	0	0	0	0	0	0	0	0	0	0	0	0	0	0	0	0	0	0	3	3	0	0	0	0	0	0	0	0	0	0	0	0	0	0	"k__Bacteria;"
620	0	0	0	0	0	0	0	0	0	0	0	0	0	0	0	0	0	0	0	0	0	0	0	0	0	0	0	0	0	0	0	0	0	0	0	0	0	0	6	0	0	0	0	0	0	0	0	0	0	0	0	0	"k__Bacteria;"
625	0	0	0	5	0	0	0	0	0	0	0	0	0	0	0	0	0	0	0	0	0	0	0	0	0	0	0	0	0	0	0	0	0	0	0	0	0	0	0	0	0	0	0	0	0	0	0	0	0	0	0	0	"k__Bacteria;"
626	0	0	0	3	0	0	0	0	0	0	0	0	0	0	0	0	0	0	0	0	0	0	0	0	0	0	0	0	0	0	2	0	0	0	0	0	0	0	0	0	0	0	0	0	0	0	0	0	0	0	0	0	"k__Bacteria;"
628	0	0	0	0	0	0	0	0	0	0	0	5	0	0	0	0	0	0	0	0	0	0	0	0	0	0	0	0	0	0	0	0	0	0	0	0	0	0	0	0	0	0	0	0	0	0	0	0	0	0	0	0	"k__Bacteria;p__Proteobacteria;c__Alphaproteobacteria;o__Rickettsiales;f__mitochondria;"
629	0	0	0	0	0	0	0	0	0	0	0	2	0	0	0	0	0	0	0	0	0	0	0	0	0	0	0	0	0	0	0	0	0	0	3	0	0	0	0	0	0	0	0	0	0	0	0	0	0	0	0	0	"k__Bacteria;"
630	0	0	0	0	0	0	0	0	0	0	0	0	5	0	0	0	0	0	0	0	0	0	0	0	0	0	0	0	0	0	0	0	0	0	0	0	0	0	0	0	0	0	0	0	0	0	0	0	0	0	0	0	"k__Bacteria;"
633	0	0	0	0	0	0	0	0	0	0	0	0	0	0	5	0	0	0	0	0	0	0	0	0	0	0	0	0	0	0	0	0	0	0	0	0	0	0	0	0	0	0	0	0	0	0	0	0	0	0	0	0	"k__Bacteria;"
635	0	0	0	0	0	0	0	0	0	0	0	0	0	0	0	0	3	0	0	0	0	0	0	0	0	2	0	0	0	0	0	0	0	0	0	0	0	0	0	0	0	0	0	0	0	0	0	0	0	0	0	0	"k__Bacteria;"
636	0	0	0	0	0	0	0	0	0	0	0	0	0	0	0	0	0	0	5	0	0	0	0	0	0	0	0	0	0	0	0	0	0	0	0	0	0	0	0	0	0	0	0	0	0	0	0	0	0	0	0	0	"k__Bacteria;p__Proteobacteria;c__Alphaproteobacteria;o__Rickettsiales;f__mitochondria;"
644	0	0	0	0	0	0	0	0	0	0	0	0	0	0	0	0	0	0	0	0	0	0	0	0	0	0	0	0	0	0	0	5	0	0	0	0	0	0	0	0	0	0	0	0	0	0	0	0	0	0	0	0	"k__Bacteria;"
647	0	0	0	0	0	0	0	0	0	0	0	0	0	0	0	0	0	0	0	0	0	0	0	0	0	0	0	0	0	0	0	0	0	0	5	0	0	0	0	0	0	0	0	0	0	0	0	0	0	0	0	0	"k__Bacteria;"
654	0	0	0	0	0	0	0	0	0	0	0	0	0	0	0	0	0	0	0	0	0	0	0	0	0	0	0	0	0	0	0	0	0	0	0	0	0	0	0	0	0	0	0	0	0	0	5	0	0	0	0	0	"k__Bacteria;"
	10996	301	8506	17621	17055	8026	5116	14702	18066	4809	11714	21761	12254	4582	5188	12822	15389	7281	26112	5121	9658	1999	3536	17170	28159	16489	17777	11333	4465	7383	11754	4135	24582	16945	25639	9550	12660	12473	17119	11323	2538	654	2771	70	6095	2482	27150	1199	19865	8503	6061	1509	
